Datum,Umsatz-Total,Warengruppe-Total
2013-07-01,1269.24910731998,5
2013-07-02,1430.0083973267333,5
2013-07-03,1124.2748941201457,5
2013-07-04,1184.3095670178782,5
2013-07-05,1288.0230602120182,5
2013-07-06,1540.5298975581647,5
2013-07-07,1532.3729274131556,5
2013-07-08,1203.9216946232323,5
2013-07-09,1385.1123293468459,5
2013-07-10,1384.7659389826279,5
2013-07-11,1326.8616313035402,5
2013-07-12,1354.717013539311,4
2013-07-13,1661.8613816349975,5
2013-07-14,1786.553765281086,5
2013-07-15,1481.963405858342,5
2013-07-16,1375.2489950082643,5
2013-07-17,1477.670323685468,4
2013-07-18,1389.7541924313455,5
2013-07-19,1527.0763604307554,5
2013-07-20,1788.2360322693241,5
2013-07-21,1599.0157338099675,5
2013-07-22,1532.438770398039,5
2013-07-23,1511.4861602726614,5
2013-07-24,1579.1769061206978,5
2013-07-25,1498.84454154252,5
2013-07-26,1602.303163851975,5
2013-07-27,1758.881047587065,4
2013-07-28,1755.8025904192964,4
2013-07-29,1581.050773432065,4
2013-07-30,1600.8473293204288,4
2013-07-31,1560.649380745598,4
2013-08-01,1512.7538168934125,5
2013-08-02,1537.074863033557,5
2013-08-03,2022.0929783769382,5
2013-08-04,1879.1788638421608,5
2013-08-05,1353.5850885584,4
2013-08-06,1486.208899835055,5
2013-08-07,1528.2338963920583,5
2013-08-08,1499.007507138282,5
2013-08-09,1525.3931909835096,5
2013-08-10,1662.2804720349804,5
2013-08-11,1725.3536746947912,5
2013-08-12,1371.9141698482772,5
2013-08-13,1399.566054030156,5
2013-08-14,1533.033368518948,5
2013-08-15,1445.936606987924,5
2013-08-16,1361.4457786798198,5
2013-08-17,1701.8221409441326,5
2013-08-18,1673.897714730906,5
2013-08-19,1376.837922891106,5
2013-08-20,1252.7861094515642,5
2013-08-21,1255.9019374005727,5
2013-08-22,1314.464436931448,5
2013-08-23,1397.1021019374625,5
2013-08-24,1852.823512770426,5
2013-08-25,1806.35854658638,5
2013-08-26,1335.476770356454,5
2013-08-27,1206.9568569172761,5
2013-08-28,1189.9601463547679,5
2013-08-29,1226.9744435244093,5
2013-08-30,1230.8254219210733,5
2013-08-31,1407.8270071434235,5
2013-09-01,1357.25258961663,5
2013-09-02,987.9570966616532,5
2013-09-03,1007.9367383256798,5
2013-09-04,1036.3492750385099,5
2013-09-05,1104.1439817470637,5
2013-09-06,1137.1523677303987,5
2013-09-07,1505.9011969610501,5
2013-09-08,1496.3184718677348,5
2013-09-09,1002.2125915332035,5
2013-09-10,987.4006905061897,5
2013-09-11,961.6294394395425,5
2013-09-12,960.9185525439016,5
2013-09-13,1044.4131932524783,5
2013-09-14,1388.0032063371368,5
2013-09-15,1268.8126467225404,5
2013-09-16,960.0831498039095,5
2013-09-17,987.3440321601655,5
2013-09-18,958.5633732228488,5
2013-09-19,995.0860624572204,5
2013-09-20,1070.2218759478337,5
2013-09-21,1299.6943900674814,5
2013-09-22,1344.3393186626458,5
2013-09-23,932.4657789829656,5
2013-09-24,914.6742223348679,5
2013-09-25,966.9209453477747,5
2013-09-26,1004.2437101233693,5
2013-09-27,952.7399318195729,5
2013-09-28,1350.0529134563583,5
2013-09-29,1220.5425667105287,5
2013-09-30,1088.6628318742476,5
2013-10-01,1035.0741960123707,5
2013-10-02,1219.5683746591899,5
2013-10-03,1449.987021613767,5
2013-10-04,1192.034068278957,5
2013-10-05,1303.8838669989625,5
2013-10-06,1323.0779850281535,5
2013-10-07,1032.7783396125972,5
2013-10-08,920.066699108027,5
2013-10-09,1035.1309532188438,5
2013-10-10,963.0647997754841,5
2013-10-11,942.7444736561224,5
2013-10-12,1129.137465971895,5
2013-10-13,1080.0464069199502,5
2013-10-14,916.6677541944355,5
2013-10-15,925.6010830449741,5
2013-10-16,994.0460487740608,5
2013-10-17,883.4950863629008,5
2013-10-18,947.0985668945707,5
2013-10-19,1062.920368941858,5
2013-10-20,1046.0775401777223,5
2013-10-21,852.7855280984027,5
2013-10-22,956.7944758371692,5
2013-10-23,958.0694758951811,5
2013-10-24,1010.5301005647036,6
2013-10-25,954.728693015921,6
2013-10-26,1096.52536822654,6
2013-10-27,1338.5660394232696,6
2013-10-28,892.4579467371375,5
2013-10-29,908.4558109135112,6
2013-10-30,949.363875393326,6
2013-10-31,907.3349873198138,6
2013-11-01,981.1139083756339,6
2013-11-02,1135.3666026291821,6
2013-11-03,1230.6719729027002,6
2013-11-04,795.8737550545254,5
2013-11-05,760.4139695310951,6
2013-11-06,769.7231345732437,6
2013-11-07,861.0836019909106,6
2013-11-08,833.2698709309387,6
2013-11-09,962.8616330472177,6
2013-11-10,1409.0380374543874,6
2013-11-11,903.8668604768619,6
2013-11-12,763.3610872842311,6
2013-11-13,825.5585489224966,6
2013-11-14,755.1135071147107,6
2013-11-15,800.9993416700266,6
2013-11-16,1035.8242847575434,6
2013-11-17,1528.5392931551794,6
2013-11-18,817.6433355742591,6
2013-11-19,738.1047996267854,6
2013-11-20,813.9534644921199,6
2013-11-21,853.6506709062544,6
2013-11-22,816.9537254202986,6
2013-11-23,1004.4821948614315,6
2013-11-24,1532.0185932964766,6
2013-11-25,873.9824105913707,6
2013-11-26,887.563369601944,6
2013-11-27,755.2323235187655,6
2013-11-28,896.0903312530888,6
2013-11-29,832.8768609444601,6
2013-11-30,910.7939809397319,5
2013-12-01,1280.6953149356827,6
2013-12-02,861.9942448230777,6
2013-12-03,777.794427646608,6
2013-12-04,843.1505129355406,6
2013-12-05,890.2682948417541,6
2013-12-06,790.0316140123776,6
2013-12-07,904.9413612856545,6
2013-12-08,1062.6841144632506,6
2013-12-09,786.1899470100659,6
2013-12-10,752.5261338572203,6
2013-12-11,663.9436088703742,6
2013-12-12,782.2123669475939,6
2013-12-13,638.2887921715168,5
2013-12-14,849.1494194115802,5
2013-12-15,1253.8341768342807,6
2013-12-16,666.2557154992016,6
2013-12-17,729.9862989893425,6
2013-12-18,741.387061469087,6
2013-12-19,777.3476925918459,6
2013-12-20,803.3698722612262,6
2013-12-21,952.706372374962,6
2013-12-22,1100.0715602336995,6
2013-12-23,1135.3498051849904,6
2013-12-24,1196.1039805684811,5
2013-12-27,1046.5050905217483,5
2013-12-29,1325.6055115941328,6
2013-12-30,1304.5518123662262,5
2013-12-31,2615.411465998202,4
2014-01-02,1109.768357865197,6
2014-01-03,954.1766594477392,5
2014-01-04,1067.970002269235,5
2014-01-05,1144.0151004741842,5
2014-01-06,895.3691186296448,5
2014-01-07,847.8436767971933,5
2014-01-08,777.4072171279016,5
2014-01-09,781.6807188819216,5
2014-01-10,782.8674244551742,5
2014-01-11,959.8012135015724,5
2014-01-12,1340.7548880041472,5
2014-01-13,741.4495026597153,5
2014-01-14,936.5213857499343,5
2014-01-15,830.7377230019596,5
2014-01-16,770.0172241686898,5
2014-01-17,747.6715306350366,5
2014-01-18,944.1617442557983,5
2014-01-19,1220.7024878319878,5
2014-01-20,759.801997745881,5
2014-01-21,763.6102926834246,5
2014-01-22,753.2215259926763,5
2014-01-23,782.8592752846621,5
2014-01-24,838.307380749211,5
2014-01-25,1008.6817290177335,5
2014-01-26,1266.7093130913943,5
2014-01-27,771.1300095229415,5
2014-01-28,746.7602622622551,5
2014-01-29,667.3154208773776,5
2014-01-30,825.8107980059964,5
2014-01-31,854.155243834605,5
2014-02-01,975.637960343788,5
2014-02-02,1509.8415657624632,5
2014-02-03,1016.9616428978118,5
2014-02-04,859.734163151601,5
2014-02-05,942.007951768995,5
2014-02-06,865.1264800892702,5
2014-02-07,809.3276702842346,5
2014-02-08,1173.552493724504,5
2014-02-09,1516.4584454543453,5
2014-02-10,902.6904266306271,5
2014-02-11,873.2750269820312,5
2014-02-12,878.9593947816298,5
2014-02-13,978.778082866471,5
2014-02-14,1031.6013056731867,5
2014-02-15,1288.433705630126,5
2014-02-16,1569.4396743696482,5
2014-02-17,958.049885632887,5
2014-02-18,878.808137373197,5
2014-02-19,858.0510266162246,5
2014-02-20,960.3537065468499,5
2014-02-21,1070.9307865187961,5
2014-02-22,1197.528262769981,5
2014-02-23,1809.3455146386827,5
2014-02-24,856.1532814509101,5
2014-02-25,825.7675854817389,5
2014-02-26,870.6899982675251,5
2014-02-27,916.2552833928478,5
2014-02-28,899.268724082196,5
2014-03-01,1268.6885449098131,5
2014-03-02,1337.7904860961848,5
2014-03-03,988.2635790463731,5
2014-03-04,871.3438158130646,5
2014-03-05,852.917075026495,5
2014-03-06,871.9140449465931,5
2014-03-07,827.4461834290363,5
2014-03-08,1173.379178112737,5
2014-03-09,1446.847960507953,5
2014-03-10,852.0610901777795,5
2014-03-11,887.9159219295015,5
2014-03-12,842.3930250625217,5
2014-03-13,895.1589952708027,5
2014-03-14,891.026300266016,5
2014-03-15,1139.863691175324,5
2014-03-16,956.5634131875869,5
2014-03-17,830.5246723091902,5
2014-03-18,821.6401810236359,5
2014-03-19,782.1333458992243,5
2014-03-20,924.249996257062,5
2014-03-21,854.000540913451,5
2014-03-22,1223.6760947767984,5
2014-03-23,1094.95086385811,5
2014-03-24,942.990897995599,5
2014-03-25,863.8886337911291,5
2014-03-26,942.6452068543758,5
2014-03-27,1066.6499110331606,5
2014-03-28,1113.2579566216907,5
2014-03-29,1499.953244891842,5
2014-03-30,1213.1806003825902,5
2014-03-31,992.7367025202632,5
2014-04-01,931.917467777197,5
2014-04-02,938.2316186315293,5
2014-04-03,1004.1659239991181,5
2014-04-04,1019.3912888132865,5
2014-04-05,1282.668240051562,5
2014-04-06,1341.1764194867765,5
2014-04-07,1088.722413011843,5
2014-04-08,985.3128997323562,5
2014-04-09,1065.3154838625878,5
2014-04-10,1023.9530965661262,5
2014-04-11,1003.8042025802959,5
2014-04-12,1552.0227333796233,5
2014-04-13,1456.70692317268,5
2014-04-14,1024.9923942836117,5
2014-04-15,1181.2425814096964,5
2014-04-16,1128.0175885162666,5
2014-04-17,1544.8405310900575,5
2014-04-19,1690.1907503178559,4
2014-04-20,1570.2672916617082,5
2014-04-21,1423.5190168308948,5
2014-04-22,1051.359115407803,4
2014-04-23,1118.3461490901498,5
2014-04-24,1078.7010056462882,5
2014-04-25,1069.1349735364709,5
2014-04-26,1305.5933569360964,5
2014-04-27,1209.4550800269228,5
2014-04-28,966.1764196684778,5
2014-04-29,1076.7879393199792,5
2014-04-30,1139.4138385103583,5
2014-05-02,1308.299757297924,5
2014-05-05,3156.4133441564672,5
2014-05-06,934.2573060199788,5
2014-05-07,795.8898966150722,5
2014-05-08,987.6392495906673,5
2014-05-09,905.4409291255015,5
2014-05-10,1208.703992577711,5
2014-05-11,1191.7321636599395,5
2014-05-12,866.5981183930757,5
2014-05-13,942.882543311423,5
2014-05-14,855.6521103955415,5
2014-05-15,929.1707414452105,5
2014-05-16,1225.715340832408,5
2014-05-17,1334.8429889037247,5
2014-05-18,1433.5956267496504,5
2014-05-19,940.4080760169333,5
2014-05-20,958.8899639785895,5
2014-05-21,890.0572010218106,5
2014-05-22,925.2585946940486,5
2014-05-23,1033.0724935992653,5
2014-05-24,1224.8171504612167,5
2014-05-25,1302.8807916837443,5
2014-05-26,969.4869865270923,5
2014-05-27,1046.1350214535028,5
2014-05-28,1145.507134259236,4
2014-05-29,1592.205248427638,5
2014-05-30,1440.5736625679688,5
2014-05-31,1529.9437706342324,5
2014-06-01,1413.9232054836352,5
2014-06-02,1140.647619906188,5
2014-06-03,1028.5587437543256,5
2014-06-04,1015.1693701610311,5
2014-06-05,1122.3599951643675,5
2014-06-06,1061.296650598389,4
2014-06-07,1769.1582587174853,5
2014-06-08,1569.282463732646,5
2014-06-09,1805.711868065444,5
2014-06-10,1162.1894561989209,5
2014-06-11,1106.9582527554176,5
2014-06-12,1060.8398831014074,5
2014-06-13,1260.423100020604,5
2014-06-14,1352.1135514183447,5
2014-06-15,1385.0781722898366,5
2014-06-16,1115.2314600814343,5
2014-06-17,1022.2658809110736,5
2014-06-18,1152.8249414386883,5
2014-06-19,1151.4095785867366,5
2014-06-20,1370.2025450817862,5
2014-06-21,1573.9251610883287,5
2014-06-22,1556.3516959138103,5
2014-06-23,1254.3351554045448,5
2014-06-24,1195.5519894585345,5
2014-06-25,1242.200282986485,5
2014-06-26,1419.705820973289,5
2014-06-27,1412.9823631843042,5
2014-06-28,2096.209535863589,5
2014-06-29,1614.857541533299,5
2014-06-30,1181.5463608681148,5
2014-07-01,1027.1087975552814,5
2014-07-02,1110.418596567042,5
2014-07-03,1112.166856945513,5
2014-07-04,1017.6779210951094,5
2014-07-05,1317.7410366713432,5
2014-07-06,1290.417881233027,5
2014-07-07,1150.840001500877,5
2014-07-08,1143.5158476986933,5
2014-07-09,1230.2478990568025,5
2014-07-10,1228.7667656631832,5
2014-07-11,1350.6141141665073,5
2014-07-12,1513.1219965470762,5
2014-07-13,1605.0317745952154,5
2014-07-14,1308.8336244652842,5
2014-07-15,1341.6047725635417,5
2014-07-16,1409.7733220509356,5
2014-07-17,1376.7814551048334,5
2014-07-18,1397.0477599034546,5
2014-07-19,1638.5989548535576,5
2014-07-20,1711.6499796680869,5
2014-07-21,1429.6399957441797,5
2014-07-22,1360.5364880417096,5
2014-07-23,1382.6187887190936,5
2014-07-24,1375.8750143415946,5
2014-07-25,1370.8533188791102,5
2014-07-26,1555.0670671300898,5
2014-07-27,1699.4774534151688,5
2014-07-28,1454.0463714966804,5
2014-07-29,1459.7219779033048,5
2014-07-30,1397.7425409000189,4
2014-07-31,1426.596515873001,4
2014-08-01,1474.9870878804409,5
2014-08-02,1791.5209508067114,5
2014-08-03,1581.044225548771,5
2014-08-04,1582.7392690324682,5
2014-08-05,1522.683199489512,4
2014-08-06,1718.7638049877642,5
2014-08-07,1674.0770963198304,5
2014-08-08,1737.7914525453739,4
2014-08-09,1958.2765008478782,4
2014-08-10,1737.1849808231773,5
2014-08-11,1595.8961047850107,5
2014-08-12,1576.2490833307006,5
2014-08-13,1627.8960521842318,5
2014-08-14,1593.9323232062077,5
2014-08-15,1736.758440202193,5
2014-08-16,1933.9609529161553,5
2014-08-18,2120.587134333386,5
2014-08-19,1483.1730241993864,5
2014-08-20,1522.7977845449216,5
2014-08-21,1599.9552932782021,5
2014-08-22,1693.988972927908,5
2014-08-23,1974.9300590475925,5
2014-08-24,1989.2619088246608,5
2014-08-25,1257.524188067005,5
2014-08-26,1187.3994087168912,5
2014-08-27,1346.7240472828973,5
2014-08-28,1273.5807947686797,5
2014-08-29,1268.8182513454196,5
2014-08-30,1503.6236180982633,5
2014-08-31,1600.05602173114,5
2014-09-01,1197.006184639632,4
2014-09-02,1138.01922472386,5
2014-09-03,1241.4657850316617,5
2014-09-04,1239.41958713421,5
2014-09-05,1376.942775699504,5
2014-09-06,1508.8558096239285,5
2014-09-07,1356.2253163855787,5
2014-09-08,1033.6913625198981,5
2014-09-09,1078.685406219607,5
2014-09-10,1041.762301485459,4
2014-09-11,1129.5586487073247,5
2014-09-12,1083.1533590481984,5
2014-09-13,1397.7350994442613,5
2014-09-14,1223.9071841656757,5
2014-09-15,964.7189159551572,5
2014-09-16,1013.2398829175584,5
2014-09-17,1050.9226656778364,5
2014-09-18,1095.9949101600885,5
2014-09-19,1124.2340037238696,5
2014-09-20,1472.7283376749774,5
2014-09-21,1476.0273693278928,5
2014-09-22,941.024259184611,4
2014-09-23,1031.4280355475548,5
2014-09-24,960.4450735081116,5
2014-09-25,947.3278016895904,5
2014-09-26,1055.9418737765932,5
2014-09-27,1194.4474734795306,5
2014-09-28,1137.8499769953519,5
2014-09-29,1046.040726041431,5
2014-09-30,1097.1019357832079,5
2014-10-01,1090.2871663431224,5
2014-10-02,1241.350072285211,5
2014-10-03,1572.016877508928,5
2014-10-04,1676.694610054029,5
2014-10-05,1520.9417402257052,5
2014-10-06,1289.23773077534,5
2014-10-07,1231.661867251111,5
2014-10-08,1261.7014923108939,5
2014-10-09,1261.271855601582,5
2014-10-10,1195.290494934356,4
2014-10-11,1549.4757185678059,5
2014-10-12,1500.1308311850694,5
2014-10-13,1165.620918355908,5
2014-10-14,1267.7499250108303,5
2014-10-15,1341.6986717914888,5
2014-10-16,1154.630040727147,5
2014-10-17,1167.3631586794836,5
2014-10-18,1571.4404694334485,5
2014-10-19,1370.3995307336581,5
2014-10-20,1087.6243519853979,5
2014-10-21,1069.8570141022424,5
2014-10-22,1080.6065681144696,5
2014-10-23,1110.577374774145,5
2014-10-24,1240.079682694613,6
2014-10-25,1395.788052299363,5
2014-10-26,1632.6505638283672,6
2014-10-27,1151.1530976938964,6
2014-10-28,1303.4549051901772,6
2014-10-29,1080.121498782915,5
2014-10-30,1203.455110273424,6
2014-10-31,1172.2118630859904,5
2014-11-01,1389.8320458372393,6
2014-11-02,1523.711072277318,6
2014-11-03,1085.7019514420977,6
2014-11-04,990.0425697432175,6
2014-11-05,1021.741501294101,6
2014-11-06,1061.3045874167135,6
2014-11-07,1078.076617605364,6
2014-11-08,1309.2717009011994,6
2014-11-09,1682.7011078228795,6
2014-11-10,943.1492837845029,6
2014-11-11,952.0497829919738,6
2014-11-12,942.7810429477282,6
2014-11-13,1035.8360717475673,6
2014-11-14,987.066157988088,6
2014-11-15,1129.749486080218,6
2014-11-16,1389.3963403401187,6
2014-11-17,1007.2072991474131,5
2014-11-18,844.2622602119131,6
2014-11-19,784.8415426550854,5
2014-11-20,892.122533474749,6
2014-11-21,1041.2137213350961,6
2014-11-22,1089.2134722043525,6
2014-11-23,1566.162469104658,6
2014-11-24,945.233155663734,6
2014-11-25,961.8942085834309,6
2014-11-26,938.9143856907554,6
2014-11-27,924.6437217027506,6
2014-11-28,983.7387822457185,6
2014-11-29,1203.1509918503975,6
2014-11-30,1522.4269674193802,6
2014-12-01,921.0753225912163,6
2014-12-02,953.7589496762228,6
2014-12-03,910.4443499376871,6
2014-12-04,909.0495859611964,6
2014-12-05,773.1259122025673,5
2014-12-06,1213.9698298432625,6
2014-12-07,1323.5533078416104,6
2014-12-08,787.8698967363516,6
2014-12-09,902.4963961320728,6
2014-12-10,921.4970604854932,6
2014-12-11,825.5726458672118,6
2014-12-12,714.1054735974888,6
2014-12-13,1130.5801113650898,6
2014-12-14,1426.2699789271999,6
2014-12-15,806.6356282245807,6
2014-12-16,883.2419468200662,6
2014-12-17,889.0094175328563,6
2014-12-18,869.6549021087523,5
2014-12-19,823.4096341393607,5
2014-12-20,832.6442841291813,5
2014-12-21,1120.1302635446195,6
2014-12-22,1050.3597132076964,6
2014-12-23,1018.1292870747675,5
2014-12-24,1197.8953292532765,5
2014-12-27,1223.2963631147295,6
2014-12-28,1296.3463317982998,6
2014-12-29,1116.247627970283,4
2014-12-30,1431.0470015632961,5
2014-12-31,2938.717608581859,4
2015-01-02,1284.1472972763208,6
2015-01-03,1193.0576038829734,6
2015-01-04,1424.7824952958872,6
2015-01-05,1032.2854072517991,6
2015-01-06,944.1038037294079,6
2015-01-07,871.2412048402676,5
2015-01-08,795.5486520377215,5
2015-01-09,827.3202901808035,5
2015-01-10,908.0635954481361,5
2015-01-11,1275.190515188001,5
2015-01-12,722.7740430562537,5
2015-01-13,755.0199063371384,5
2015-01-14,707.5488594676424,5
2015-01-15,749.1650741642486,5
2015-01-16,954.3231152668003,5
2015-01-17,1192.001193983337,5
2015-01-18,1374.8492928486878,5
2015-01-19,839.3492101097103,5
2015-01-20,912.8635366299454,5
2015-01-21,826.3088816880961,5
2015-01-22,875.4297104904613,5
2015-01-23,854.156410639427,5
2015-01-24,1119.8447596598198,5
2015-01-25,1441.935869959932,5
2015-01-26,808.2779355037975,5
2015-01-27,894.1131386827813,5
2015-01-28,906.8074434663229,5
2015-01-29,902.6246169475685,5
2015-01-30,943.730821416705,5
2015-01-31,1239.0450154763894,5
2015-02-01,1516.7581841965862,5
2015-02-02,1056.446191065,5
2015-02-03,883.229915843617,5
2015-02-04,881.2242305625097,5
2015-02-05,895.005657962611,5
2015-02-06,1169.315507280576,5
2015-02-07,1138.257973358166,5
2015-02-08,1499.606384436195,5
2015-02-09,854.02932090629,5
2015-02-10,848.0788428330216,5
2015-02-11,887.6888762856096,5
2015-02-12,790.1882361973551,5
2015-02-13,927.4385554727473,5
2015-02-14,1207.571704612913,5
2015-02-15,1310.0371910434578,5
2015-02-16,914.909888415287,5
2015-02-17,937.142063650772,5
2015-02-18,828.6843935400453,5
2015-02-19,971.9439266229688,5
2015-02-20,942.00520309987,5
2015-02-21,1009.4983647683661,5
2015-02-22,1615.4362357943498,5
2015-02-23,658.4899629890015,5
2015-02-24,752.5936190275252,5
2015-02-25,749.0945226949727,5
2015-02-26,669.0709198762555,5
2015-02-27,781.2945218805347,5
2015-02-28,938.5538748551164,5
2015-03-01,1059.3832921631188,5
2015-03-02,700.1631987354116,5
2015-03-03,724.0302858662955,5
2015-03-04,717.8339195699352,5
2015-03-05,778.3374615312988,5
2015-03-06,826.7798074345154,5
2015-03-07,961.8800190253421,5
2015-03-08,1360.336237056016,5
2015-03-09,808.8159174890498,5
2015-03-10,844.0366609158079,5
2015-03-11,734.8497760217699,5
2015-03-12,783.2675977881433,5
2015-03-13,806.7349847768301,5
2015-03-14,905.0192295150433,5
2015-03-15,1046.7099743270537,5
2015-03-16,844.2730073999649,5
2015-03-17,909.1095247457798,5
2015-03-18,926.9339211136903,5
2015-03-19,819.215871062889,5
2015-03-20,947.1116530215297,5
2015-03-21,1007.3138596357051,5
2015-03-22,1196.0871538911179,5
2015-03-23,846.1720733368753,5
2015-03-24,839.4864981554354,5
2015-03-25,910.8804763498823,5
2015-03-26,885.0581399137895,5
2015-03-27,926.5743031454535,5
2015-03-28,1267.111816196493,5
2015-03-29,1103.2259142659752,5
2015-03-30,918.2745953398519,5
2015-03-31,865.3965266721806,5
2015-04-01,1048.2325339156248,5
2015-04-02,1428.5253383694958,5
2015-04-04,1657.205592275933,4
2015-04-05,1472.723525585013,5
2015-04-06,1431.6702976111762,5
2015-04-07,1000.7890311614269,5
2015-04-08,925.9119696388522,5
2015-04-09,1012.9243333981836,5
2015-04-10,1094.4316066801507,5
2015-04-11,1182.6536701834984,5
2015-04-12,1037.1374594638737,5
2015-04-13,811.1103831546942,5
2015-04-14,818.2364077761649,5
2015-04-15,815.2303328896975,5
2015-04-16,772.2313476382956,5
2015-04-17,856.6343109615416,5
2015-04-18,1002.5016202512761,5
2015-04-19,971.0237443932859,5
2015-04-20,790.5787533736401,5
2015-04-21,799.7560145171586,5
2015-04-22,773.0186576692686,5
2015-04-23,824.4060206768867,5
2015-04-24,793.4344809354434,5
2015-04-25,1036.275978504086,5
2015-04-26,949.2768595418563,5
2015-04-27,838.6671165775895,5
2015-04-28,708.1582595164218,4
2015-04-29,921.6192925374778,5
2015-04-30,1065.6454664381347,5
2015-05-02,1550.50372148642,5
2015-05-03,1077.4813259852813,5
2015-05-04,887.5320334823015,5
2015-05-05,743.3069811738451,5
2015-05-06,831.5443149514173,5
2015-05-07,793.3724423951179,5
2015-05-08,866.3243142377273,5
2015-05-09,1057.0115473902974,5
2015-05-10,1196.288593901516,5
2015-05-11,835.8327967638293,5
2015-05-12,859.2010125076879,5
2015-05-13,1070.7213036993444,5
2015-05-14,1161.9273385412612,5
2015-05-15,1224.9159187168834,5
2015-05-16,1384.317075972538,5
2015-05-17,1265.423819460612,5
2015-05-18,859.8088692750823,5
2015-05-19,942.9181197231298,5
2015-05-20,808.9287872020159,5
2015-05-21,974.8188926401667,5
2015-05-22,1003.2083835204924,5
2015-05-23,1290.402080168699,4
2015-05-24,1428.045658874095,5
2015-05-25,1453.3165717276859,5
2015-05-26,906.8370008251051,5
2015-05-27,850.2683741453393,5
2015-05-28,863.6784011302,4
2015-05-29,940.3355174479483,5
2015-05-30,1102.7330982916376,5
2015-05-31,1017.6428445734347,5
2015-06-01,935.9990189323196,5
2015-06-02,945.8124773820554,5
2015-06-03,819.7817572041795,4
2015-06-04,994.9150249139263,5
2015-06-05,1019.1370424608003,5
2015-06-06,1282.0233631907427,5
2015-06-07,1257.8462007663977,5
2015-06-08,1005.7011747632353,5
2015-06-09,889.4983836989096,5
2015-06-10,851.5011246599522,5
2015-06-11,834.1993921054025,5
2015-06-12,940.232746822671,5
2015-06-13,1245.0781809623013,5
2015-06-14,1134.1820147333965,5
2015-06-15,1022.84126863471,5
2015-06-16,848.8839848062141,5
2015-06-17,962.8832010518803,5
2015-06-18,875.746513170135,4
2015-06-19,973.8037875987968,5
2015-06-20,1218.398621768507,4
2015-06-21,1152.2208767661282,5
2015-06-22,1082.8686541133463,5
2015-06-23,1048.091262346599,5
2015-06-24,1225.362385794509,5
2015-06-25,1180.9520510547195,5
2015-06-26,1285.531077246859,5
2015-06-27,1632.9435838945315,5
2015-06-28,1414.3962708900945,5
2015-06-29,1182.401187025634,5
2015-06-30,1162.4330859224049,5
2015-07-01,1007.4144730623914,5
2015-07-02,1003.2819740993759,5
2015-07-03,1107.2840245715024,5
2015-07-04,1418.6055021261668,5
2015-07-05,1262.603224993058,5
2015-07-06,1140.995678141018,5
2015-07-07,1006.3808465165432,5
2015-07-08,1105.361728127167,5
2015-07-09,1035.8825274408493,5
2015-07-10,1104.6657788122914,5
2015-07-11,1303.5266400248947,5
2015-07-12,1322.9871621319949,5
2015-07-13,1162.4671317915345,5
2015-07-14,1193.4870214278983,5
2015-07-15,1247.180514597159,5
2015-07-16,1126.7508619894688,5
2015-07-17,1116.1286020955426,5
2015-07-18,1386.4150855875173,5
2015-07-19,1530.6062874819102,5
2015-07-20,1203.731749327292,5
2015-07-21,1262.6888503657756,5
2015-07-22,1263.1154336247928,4
2015-07-23,1376.9697292027563,5
2015-07-24,1436.094279187791,5
2015-07-25,1395.0603159734894,5
2015-07-26,1621.447810826834,5
2015-07-27,1350.4685419600519,5
2015-07-28,1395.2522394712646,5
2015-07-29,1459.444372418696,5
2015-07-30,1321.8434609131918,5
2015-07-31,1492.8774758937348,5
2015-08-01,1652.828485407988,5
2015-08-02,1572.674162120205,5
2015-08-03,1429.7873189952006,5
2015-08-04,1453.3887723922055,5
2015-08-05,1479.6861400346083,5
2015-08-06,1517.1781152654305,5
2015-08-07,1545.08950987007,5
2015-08-08,1800.496091694034,5
2015-08-09,1487.8705919746017,5
2015-08-10,1402.4719460315816,5
2015-08-11,1299.7715258627677,5
2015-08-12,1424.190950942363,5
2015-08-13,1391.2709039245124,5
2015-08-14,1407.7092280183201,5
2015-08-15,1590.501276195638,5
2015-08-16,1375.7807901115834,5
2015-08-17,1227.081750155866,5
2015-08-18,1295.5939546042678,5
2015-08-19,1269.05368522865,5
2015-08-20,1280.7604452838978,5
2015-08-21,1376.502907490224,5
2015-08-22,1658.4048405486633,5
2015-08-23,1525.2410894112202,5
2015-08-24,1166.860000964215,5
2015-08-25,1237.5996709141687,5
2015-08-26,1143.1468885527884,5
2015-08-27,1123.8448529406191,5
2015-08-28,1237.6120586550255,5
2015-08-29,1323.7510844934181,5
2015-08-30,1323.276299872724,5
2015-08-31,1030.0768649621702,5
2015-09-01,1033.807757488008,5
2015-09-02,942.9860018206928,5
2015-09-03,996.527503728066,5
2015-09-04,1082.128138843168,5
2015-09-05,1363.9205582556156,5
2015-09-06,1154.6533471821458,5
2015-09-07,1055.9948354540295,5
2015-09-08,942.3313060647029,5
2015-09-09,947.3715166741329,5
2015-09-10,1000.7310478122226,5
2015-09-11,984.2760472783414,5
2015-09-12,1314.471458449783,5
2015-09-13,1183.864046988578,5
2015-09-14,973.751924497313,5
2015-09-15,986.7973432589612,5
2015-09-16,969.6849331078979,5
2015-09-17,905.5840627291002,5
2015-09-18,1028.8021105906187,5
2015-09-19,1292.061426943977,5
2015-09-20,1203.628026358719,5
2015-09-21,930.059119917875,5
2015-09-22,835.527010483549,5
2015-09-23,904.9022682464735,5
2015-09-24,852.3398320419893,5
2015-09-25,890.664681455423,5
2015-09-26,1172.60292310769,5
2015-09-27,1127.471500787778,5
2015-09-28,883.4630612445084,5
2015-09-29,877.4381836133149,5
2015-09-30,879.344567687064,5
2015-10-01,843.9017575339544,5
2015-10-02,913.4621665199602,5
2015-10-03,1101.6007466977858,5
2015-10-04,1182.592558056756,5
2015-10-05,1070.3535394391897,5
2015-10-06,1030.925748763046,5
2015-10-07,1019.197540064988,5
2015-10-08,909.1303497419683,5
2015-10-09,1048.858877947774,5
2015-10-10,1201.230275223537,5
2015-10-11,1283.3166911073522,5
2015-10-12,1107.442422397838,5
2015-10-13,937.6267663073802,5
2015-10-14,979.5829960288241,5
2015-10-15,1030.0461872412463,5
2015-10-16,1139.4221510164036,5
2015-10-17,1329.667018521431,5
2015-10-18,965.4102747206045,5
2015-10-19,987.6833910240885,5
2015-10-20,971.3317042498738,5
2015-10-21,1050.1903691671555,5
2015-10-22,986.5872665610204,5
2015-10-23,1175.8359344169276,5
2015-10-24,1361.2686641379958,5
2015-10-25,1035.7983825280471,5
2015-10-26,986.277950394993,5
2015-10-27,891.3468424546664,5
2015-10-28,882.1403330716114,5
2015-10-29,898.8019815526103,5
2015-10-30,927.5910486024229,5
2015-10-31,1011.9763957140731,5
2015-11-01,1112.330884194636,5
2015-11-02,873.9055613961766,6
2015-11-03,756.6058267690163,6
2015-11-04,696.1792577665408,4
2015-11-05,844.195238789603,6
2015-11-06,709.2797067414189,6
2015-11-07,873.6195026671894,5
2015-11-08,1210.5844638348726,6
2015-11-09,790.1238249610622,6
2015-11-10,661.6772215670127,6
2015-11-11,724.2683881549564,6
2015-11-12,734.5804312697369,6
2015-11-13,779.0935983581221,5
2015-11-14,943.7340697667853,6
2015-11-15,1086.677912290298,6
2015-11-16,773.9870790411215,5
2015-11-17,695.0151006676961,6
2015-11-18,653.6129315970389,6
2015-11-19,724.8363583386131,6
2015-11-20,637.7429849144889,5
2015-11-21,918.9910101405553,6
2015-11-22,988.6147520248859,6
2015-11-23,941.4565020991148,6
2015-11-24,819.7002785011099,6
2015-11-25,819.8161449241213,6
2015-11-26,968.23691915938,6
2015-11-27,911.8692142854267,6
2015-11-28,1117.4171037314866,6
2015-11-29,1242.0100573373763,6
2015-11-30,855.3716796700216,6
2015-12-01,850.6853794713234,6
2015-12-02,796.6943985310531,6
2015-12-03,899.4181507269417,6
2015-12-04,747.1094941881853,6
2015-12-05,966.790608350252,6
2015-12-06,1122.3575242783925,6
2015-12-07,657.2980076918358,6
2015-12-08,868.5081794395946,6
2015-12-09,834.1212777680732,6
2015-12-10,886.6224006554324,6
2015-12-11,813.2379047199031,6
2015-12-12,1212.256969711116,6
2015-12-13,1184.070283244665,6
2015-12-14,684.0995777973782,6
2015-12-15,709.2499235461587,6
2015-12-16,697.2473769069239,6
2015-12-17,782.1082549622633,6
2015-12-18,765.3284170460768,6
2015-12-19,929.7118202828319,6
2015-12-20,891.7548690569096,6
2015-12-21,752.5002961759303,6
2015-12-22,863.8728101510525,6
2015-12-23,1012.6804763947206,6
2015-12-24,1191.493045254776,6
2015-12-27,997.8805758445286,6
2015-12-28,1028.6370528092416,6
2015-12-29,1084.563288079671,6
2015-12-30,1385.084884713538,6
2015-12-31,3014.9158882862816,5
2016-01-02,1202.5857814550686,5
2016-01-03,934.2733598675957,5
2016-01-04,803.0361087665439,5
2016-01-05,821.9313978757706,5
2016-01-06,658.4146001472885,5
2016-01-07,743.8138921577064,5
2016-01-08,637.4469273538796,5
2016-01-09,871.4732679328393,5
2016-01-10,826.955422486571,5
2016-01-11,705.5558747924886,5
2016-01-12,673.6778617668252,5
2016-01-13,644.0848656424921,5
2016-01-14,709.3130261738232,5
2016-01-15,687.8200042437807,5
2016-01-16,906.6542889062559,5
2016-01-17,1013.7139351468278,5
2016-01-18,613.8540788245841,5
2016-01-19,643.0967318801003,5
2016-01-20,668.4470579370342,5
2016-01-21,741.4307042739565,5
2016-01-22,730.8440954250143,5
2016-01-23,756.0816189419252,5
2016-01-24,995.782209389401,5
2016-01-25,715.7394297933279,5
2016-01-26,675.0493020775475,5
2016-01-27,709.2024324760977,5
2016-01-28,712.049635547222,5
2016-01-29,705.888490932472,5
2016-01-30,818.5015989236458,5
2016-01-31,949.2808391593485,5
2016-02-01,836.4696388360157,5
2016-02-02,935.4508530158822,5
2016-02-03,951.7548637635641,5
2016-02-04,1100.1214671637163,5
2016-02-05,927.0325431236611,5
2016-02-06,1183.28740242988,5
2016-02-07,1329.3454519817374,5
2016-02-08,787.1409937711912,5
2016-02-09,920.2671803182686,5
2016-02-10,779.8975351273984,5
2016-02-11,932.0093944953028,5
2016-02-12,759.9999914337229,5
2016-02-13,1192.300605542719,5
2016-02-14,1232.2856278442705,5
2016-02-15,901.034912669222,5
2016-02-16,927.4655283682897,5
2016-02-17,948.6155550684778,5
2016-02-18,1004.301332975889,5
2016-02-19,983.295543420555,5
2016-02-20,1171.7607081068713,5
2016-02-21,1428.4055125574414,5
2016-02-22,608.4051521655254,5
2016-02-23,735.2505722725191,5
2016-02-24,686.9386221921535,5
2016-02-25,666.5831146011918,5
2016-02-26,659.370167680057,5
2016-02-27,875.9269780596418,5
2016-02-28,1108.1345334649939,5
2016-02-29,649.0194566916623,5
2016-03-01,667.579764741583,5
2016-03-02,631.4374518375629,5
2016-03-03,643.1310176558217,5
2016-03-04,663.3085734182101,5
2016-03-05,810.0362951481555,5
2016-03-06,941.6612337135952,5
2016-03-07,749.5533400251016,5
2016-03-08,801.6879614790114,5
2016-03-09,778.213298490763,4
2016-03-10,788.9531684262611,5
2016-03-11,818.7351097302471,5
2016-03-12,972.0013038845462,5
2016-03-13,1164.8347828988642,5
2016-03-14,719.1704411349664,5
2016-03-15,851.2933893637605,5
2016-03-16,851.6609664164324,5
2016-03-17,902.0499018929286,5
2016-03-18,857.5612849154995,5
2016-03-19,1044.4924986149608,5
2016-03-20,1229.8237671410234,5
2016-03-21,848.8904644276333,5
2016-03-22,868.8399348777956,5
2016-03-23,941.6711076302247,5
2016-03-26,1662.0053839141872,5
2016-03-27,1428.8249678652642,5
2016-03-28,1311.9512620540377,5
2016-03-29,904.0852613811909,5
2016-03-30,830.2784481223583,5
2016-03-31,909.7639845087259,5
2016-04-01,965.5867704699341,5
2016-04-02,1025.7697470302232,5
2016-04-03,948.2145297531389,5
2016-04-04,789.2803832523731,5
2016-04-05,717.8272418734347,5
2016-04-06,778.9490362414924,5
2016-04-07,785.4335529563391,5
2016-04-08,722.8421436730368,5
2016-04-09,931.1423519916807,5
2016-04-10,1010.4049507752486,5
2016-04-11,762.1068198600221,5
2016-04-12,752.6543758080029,5
2016-04-13,736.2153780198554,5
2016-04-14,787.1501242810479,5
2016-04-15,754.10399157636,5
2016-04-16,966.1804231738564,5
2016-04-17,994.8274276052088,5
2016-04-18,720.5684928810988,5
2016-04-19,744.3534599158016,5
2016-04-20,700.6206535392957,5
2016-04-21,824.42387772679,5
2016-04-22,780.0147072313018,5
2016-04-23,960.2580463940046,5
2016-04-24,1048.691728604632,5
2016-04-25,808.6673024494378,5
2016-04-26,723.3731766387942,5
2016-04-27,745.0770275512722,5
2016-04-28,791.3710182157495,5
2016-04-29,902.4020301424683,5
2016-04-30,1020.8364027311542,5
2016-05-01,1320.4934979505729,5
2016-05-02,807.4687168772665,5
2016-05-03,792.3231103249514,5
2016-05-04,930.8351231637771,5
2016-05-05,1131.0665101858597,5
2016-05-06,1246.4215277370777,5
2016-05-07,1278.087691792391,5
2016-05-08,1309.2392868160628,5
2016-05-09,897.5219487699242,5
2016-05-10,730.3926548029724,5
2016-05-11,843.2695466240598,5
2016-05-12,873.7278301283503,5
2016-05-13,836.0749562606568,5
2016-05-14,1301.947280361269,5
2016-05-15,1240.3584138625533,5
2016-05-16,1504.3521745251187,5
2016-05-17,1015.6118162708407,5
2016-05-18,963.8599834757545,5
2016-05-19,857.9556079151582,5
2016-05-20,995.1881687265911,5
2016-05-21,1078.4252442996235,5
2016-05-22,1013.57921441032,5
2016-05-23,863.1804464906785,5
2016-05-24,924.562725300018,5
2016-05-25,757.3124524526521,4
2016-05-26,988.0537843692615,5
2016-05-27,1061.5854126896102,5
2016-05-28,1174.6205212331797,5
2016-05-29,1169.4429353876203,5
2016-05-30,835.279174761295,5
2016-05-31,813.0501472866019,5
2016-06-01,819.6163654531925,5
2016-06-02,736.0369030092272,5
2016-06-03,895.6744683831167,5
2016-06-04,1129.2924527913099,5
2016-06-05,1067.3895911130253,5
2016-06-06,850.6477507354834,5
2016-06-07,828.70835272332,5
2016-06-08,904.42245781615,5
2016-06-09,954.422152107695,5
2016-06-10,1003.9550699720872,5
2016-06-11,1134.8420799101114,5
2016-06-12,1137.3983753627977,5
2016-06-13,893.7751209132375,5
2016-06-14,833.4675873571825,5
2016-06-15,777.9390151082964,5
2016-06-16,848.1282645102008,5
2016-06-17,886.3274527874723,5
2016-06-18,1215.4568792865832,5
2016-06-19,1200.8441587043458,5
2016-06-20,1071.0943608676127,5
2016-06-21,987.6732341676238,5
2016-06-22,961.1135819669971,5
2016-06-23,1074.4969118078031,5
2016-06-24,1053.850944639592,4
2016-06-25,1745.218341676614,5
2016-06-26,1354.154603310315,5
2016-06-27,1172.365882184468,5
2016-06-28,1011.4302002977665,5
2016-06-29,935.1312556822927,5
2016-06-30,1108.2199048368966,5
2016-07-01,918.6511498762104,5
2016-07-02,1254.9675135353057,5
2016-07-03,1230.847733903723,5
2016-07-04,972.108885752277,5
2016-07-05,975.3289548378325,5
2016-07-06,1095.2281531027224,5
2016-07-08,1017.6896698512468,5
2016-07-09,1145.4783740033313,5
2016-07-10,1225.052607709546,5
2016-07-11,1118.209394429929,5
2016-07-12,1057.792904279439,5
2016-07-13,1132.8519667134883,5
2016-07-14,1137.1464719251362,5
2016-07-15,1094.544495924935,5
2016-07-16,1314.0794354577429,5
2016-07-17,1373.681498415816,5
2016-07-19,1214.6280033659282,5
2016-07-20,1148.5014069137453,5
2016-07-21,1153.1849657971438,5
2016-07-22,1195.9428019356742,5
2016-07-23,1468.08625652237,5
2016-07-24,1409.4974746850844,5
2016-07-25,1411.5554995440134,5
2016-07-26,1442.1208839144829,4
2016-07-27,1395.656762753965,5
2016-07-28,1497.9496491149862,5
2016-07-29,1461.7861117915459,5
2016-07-30,1569.077505749603,5
2016-07-31,1602.4977578555713,5
2016-08-01,1500.207350214479,5
2016-08-02,1469.7815546795648,5
2016-08-03,1460.660036853997,5
2016-08-04,1445.239423342138,5
2016-08-05,1429.284582709712,5
2016-08-06,1579.818237530857,5
2016-08-07,1647.139931297143,5
2016-08-08,1510.026798115111,5
2016-08-09,1510.9484695102203,5
2016-08-10,1581.167227677361,5
2016-08-11,1657.4259469511148,5
2016-08-12,1560.551041603761,5
2016-08-13,2014.038470118378,5
2016-08-16,1321.9270851308286,5
2016-08-17,1347.0931699940152,5
2016-08-18,1303.121735425074,5
2016-08-19,1404.218955180435,5
2016-08-20,1760.7414588107447,5
2016-08-21,1424.0065212821444,5
2016-08-22,1095.9528307497624,5
2016-08-23,1008.7480718102684,5
2016-08-24,1096.0874107435448,5
2016-08-25,1046.5838819865155,5
2016-08-26,1105.4478418397325,5
2016-08-27,1524.3243426740376,5
2016-08-28,1383.2593538423948,5
2016-08-29,964.535913126151,5
2016-08-30,1035.4883117326349,5
2016-08-31,1002.6284419557431,5
2016-09-01,1112.0040875387062,5
2016-09-02,1044.3714873754898,5
2016-09-03,1296.7770206536784,5
2016-09-04,1159.1641157616975,5
2016-09-05,962.064071037593,5
2016-09-06,942.0816193050305,5
2016-09-07,861.0060583970311,5
2016-09-08,992.7898073382161,5
2016-09-09,1099.887383916044,5
2016-09-10,1272.3640116944093,5
2016-09-11,1215.8774574927902,5
2016-09-12,1001.424738192962,5
2016-09-13,955.528431178551,5
2016-09-14,949.5138835455884,5
2016-09-15,910.0251687302876,5
2016-09-16,968.8616236410679,5
2016-09-17,1143.4277691904945,5
2016-09-18,1243.648849537733,5
2016-09-19,893.181857858511,5
2016-09-20,1013.732656749768,5
2016-09-21,866.0212112328793,5
2016-09-22,890.4811118040632,5
2016-09-23,962.220375219157,5
2016-09-24,968.824693519181,5
2016-09-25,1205.3018327204456,5
2016-09-26,761.1166542042563,5
2016-09-27,829.901056469562,5
2016-09-28,890.678035912263,5
2016-09-29,820.9206142061239,5
2016-09-30,816.1924936525996,5
2016-10-01,1100.3104953206089,5
2016-10-02,1181.7241459327024,5
2016-10-03,1254.3433722778589,5
2016-10-04,945.0072716368412,5
2016-10-05,872.9395338854519,5
2016-10-06,885.9372642622252,5
2016-10-07,950.2334689574849,5
2016-10-08,997.8963986685884,5
2016-10-09,1047.9403632551691,5
2016-10-10,1009.3310450764502,5
2016-10-11,989.1632355639999,5
2016-10-12,969.2932365844256,5
2016-10-13,966.7554430344295,5
2016-10-14,887.9519933702995,5
2016-10-15,1049.627126212078,5
2016-10-16,1196.4395296950333,5
2016-10-17,1000.499540551999,5
2016-10-18,981.5750722176789,5
2016-10-19,978.0865200938773,5
2016-10-20,957.6273776917177,5
2016-10-21,903.6681945074929,5
2016-10-22,1008.6022006829596,5
2016-10-23,1123.329181333138,5
2016-10-24,704.464020204281,5
2016-10-25,755.9773530966668,5
2016-10-26,782.7015505366317,5
2016-10-27,670.9143631752436,5
2016-10-28,731.4732717914787,5
2016-10-29,948.883040549303,5
2016-10-30,977.2374975244276,5
2016-10-31,837.8223186565143,5
2016-11-01,756.1646273996967,5
2016-11-02,756.2684765212546,5
2016-11-03,825.7489355275533,6
2016-11-04,827.7506166623081,6
2016-11-05,854.1189021579344,6
2016-11-06,1016.9284249438138,5
2016-11-07,783.2876694877696,6
2016-11-08,667.9782488051491,6
2016-11-09,712.880446558501,6
2016-11-10,676.9099561116377,6
2016-11-11,719.7198881165381,6
2016-11-12,1015.5046768255237,6
2016-11-13,1215.0597211057122,6
2016-11-14,717.1955820785706,6
2016-11-15,697.3971577491182,6
2016-11-16,762.1250139932546,6
2016-11-17,792.4232907525757,6
2016-11-18,740.2664311130449,6
2016-11-19,789.288519488178,6
2016-11-20,1002.4646936250399,6
2016-11-21,848.7753841514486,6
2016-11-22,854.0179309123946,6
2016-11-23,700.9223006405177,6
2016-11-24,878.625266803621,6
2016-11-25,859.092277242525,6
2016-11-26,1006.6477361375611,6
2016-11-27,1191.0852670695958,6
2016-11-28,801.1985371272989,6
2016-11-29,820.7110335052779,6
2016-11-30,774.1068871175481,6
2016-12-01,781.0522774406077,6
2016-12-02,766.5133286458612,6
2016-12-03,910.7418289277291,6
2016-12-04,1081.2803974749108,6
2016-12-05,773.0046423450142,6
2016-12-06,834.3932774453962,6
2016-12-07,761.1523537609988,6
2016-12-08,862.7839613530219,6
2016-12-09,705.9639078785514,6
2016-12-10,968.0683559139717,6
2016-12-11,1192.1581998629788,6
2016-12-12,655.8906428705961,6
2016-12-13,735.4367030448489,6
2016-12-14,598.3909519348128,6
2016-12-15,750.9446011076722,6
2016-12-16,703.824641488759,6
2016-12-18,1452.8809776212129,6
2016-12-19,700.3242116849947,6
2016-12-20,705.3913332279477,6
2016-12-21,772.732475268761,6
2016-12-22,812.436964852556,6
2016-12-23,1015.7007679456784,6
2016-12-24,1053.3338518103399,6
2016-12-27,973.6022131048825,6
2016-12-28,911.5036496476184,5
2016-12-29,1120.5125597970537,6
2016-12-30,1214.8176131584746,5
2016-12-31,2772.611848249342,5
2017-01-02,934.9707249894308,5
2017-01-03,784.8799598101174,5
2017-01-04,871.0440798441357,5
2017-01-05,969.8305612056671,5
2017-01-06,843.7847722145023,5
2017-01-07,757.2921016801911,5
2017-01-08,948.3255348002108,5
2017-01-09,654.3221353318573,5
2017-01-10,690.0088154034368,5
2017-01-11,525.9738316392518,5
2017-01-12,603.0077963842208,5
2017-01-13,715.1392118689012,5
2017-01-14,881.0291097658802,5
2017-01-15,1111.9145414536786,5
2017-01-16,681.0645678021277,5
2017-01-17,613.5328114734024,5
2017-01-18,716.3612492230782,5
2017-01-19,685.4308587518259,5
2017-01-20,687.224834230881,5
2017-01-21,790.4903617098104,5
2017-01-22,979.4544665840662,5
2017-01-23,648.1523845885437,5
2017-01-24,712.7048841627588,5
2017-01-25,632.3257846781802,5
2017-01-26,762.0619928919831,5
2017-01-27,793.8861930791534,5
2017-01-28,1025.7531343268752,5
2017-01-29,950.4110401352527,5
2017-01-30,717.3791336601493,5
2017-01-31,716.5627065880647,5
2017-02-01,677.7481757747423,5
2017-02-02,630.5792159962797,5
2017-02-03,672.5802811550836,5
2017-02-04,904.8050919459872,5
2017-02-05,951.3953524292847,5
2017-02-06,760.8139953044345,5
2017-02-07,804.047113334828,5
2017-02-08,762.3230950256,5
2017-02-09,772.3142823263565,5
2017-02-10,833.5209695083952,5
2017-02-11,953.194567016368,5
2017-02-12,1013.228253332005,5
2017-02-13,766.8600392515557,5
2017-02-14,828.6197292563617,5
2017-02-15,847.3074034779625,5
2017-02-16,912.0853208794713,5
2017-02-17,860.6754922633866,5
2017-02-18,1281.56636706378,5
2017-02-19,1128.8515634541043,5
2017-02-20,645.0011874349485,5
2017-02-21,700.0907715782239,5
2017-02-22,575.158560683522,5
2017-02-23,698.328880975568,5
2017-02-24,862.0065018340022,5
2017-02-25,886.428108866831,5
2017-02-26,1143.6329349820192,5
2017-02-27,822.3894098702433,5
2017-02-28,649.2210721369989,5
2017-03-01,704.5059684490416,5
2017-03-02,755.8301933831688,5
2017-03-03,779.5844617016119,5
2017-03-04,850.9271467419971,5
2017-03-05,951.0363569769106,5
2017-03-06,739.2784906487303,5
2017-03-07,692.8099507435704,5
2017-03-08,646.8062720134385,5
2017-03-09,716.3806477824952,5
2017-03-10,757.9075375674088,5
2017-03-11,910.017429014807,5
2017-03-12,1212.977089515366,5
2017-03-13,669.5710337167453,5
2017-03-14,721.0003936709697,5
2017-03-15,711.5527300844201,5
2017-03-16,684.9926006973071,5
2017-03-17,700.5733733534432,5
2017-03-18,852.0473497737901,5
2017-03-19,871.984209027023,5
2017-03-20,630.3939652250475,5
2017-03-21,771.1069742794739,5
2017-03-22,709.960469926246,5
2017-03-23,694.4482919062851,5
2017-03-24,771.4350074496497,5
2017-03-25,911.7455267794348,5
2017-03-26,1112.1106505314624,5
2017-03-27,795.0588789524516,5
2017-03-28,870.1426470077239,5
2017-03-29,814.2985629540872,5
2017-03-30,764.7925876956604,5
2017-03-31,951.4465090107191,5
2017-04-01,1206.8008403568901,5
2017-04-02,1088.5639129885637,5
2017-04-03,854.8704576502256,5
2017-04-04,917.8350281464741,5
2017-04-05,734.8104529632747,5
2017-04-06,848.668997501353,5
2017-04-07,890.4378690043627,5
2017-04-08,1163.5535047857286,5
2017-04-09,1257.7989678564727,5
2017-04-10,1047.4642139252098,5
2017-04-11,979.0101779000737,5
2017-04-12,963.0564527813173,5
2017-04-13,1521.076724370851,5
2017-04-15,1949.7119986890598,5
2017-04-16,1360.5666388272589,5
2017-04-17,1143.144119778396,5
2017-04-18,1004.9803677250701,5
2017-04-19,880.3035001203632,5
2017-04-20,1021.9654010257257,5
2017-04-21,1016.0527719573572,5
2017-04-22,875.0817995103102,5
2017-04-23,889.620199551558,5
2017-04-24,676.7056561681866,5
2017-04-25,726.2843130158004,5
2017-04-26,704.2648343052563,5
2017-04-27,738.5478488845376,5
2017-04-28,858.562791260721,5
2017-04-29,1008.1593329801675,5
2017-04-30,1406.3863387351237,5
2017-05-02,907.4120141489021,5
2017-05-03,814.3366969961502,5
2017-05-04,803.2593067393443,5
2017-05-05,763.0757111413501,5
2017-05-06,1073.6421699859125,5
2017-05-07,1164.5464724450012,5
2017-05-08,988.951482717622,5
2017-05-09,934.24057989002,5
2017-05-10,941.2110750714883,5
2017-05-11,977.7635795078336,5
2017-05-12,1045.3870413392756,5
2017-05-13,1197.814332344622,5
2017-05-14,1320.5119697199498,5
2017-05-15,919.4922411802709,5
2017-05-16,945.6256636445247,5
2017-05-17,694.855989704796,5
2017-05-18,772.5725049920495,5
2017-05-19,866.5152558057133,5
2017-05-20,1158.1014746814067,5
2017-05-21,1172.963649815083,5
2017-05-22,880.7527955554765,5
2017-05-23,820.2397249476178,5
2017-05-24,897.1890465592907,5
2017-05-25,1272.6905501972162,5
2017-05-26,1141.4894561543208,5
2017-05-27,1219.793888749795,5
2017-05-28,1253.432626586337,5
2017-05-29,960.920857287811,5
2017-05-30,854.0308347620619,5
2017-05-31,912.6056458253045,5
2017-06-01,901.2654743645992,5
2017-06-02,852.8215900539357,5
2017-06-03,1201.4343181340248,5
2017-06-04,1176.257410016689,5
2017-06-05,1460.677695441309,5
2017-06-06,1008.533308518272,5
2017-06-07,869.717697665811,5
2017-06-08,884.0181459869485,5
2017-06-09,989.2980494687711,5
2017-06-10,1088.9214327412546,5
2017-06-11,1020.2959935890408,5
2017-06-12,911.697211783613,5
2017-06-13,937.2937700641105,5
2017-06-14,890.5749530038829,5
2017-06-15,1002.5649458068533,5
2017-06-16,1190.015367145847,5
2017-06-17,1445.7625520080119,5
2017-06-18,1250.305254131385,5
2017-06-19,1073.2467590634774,5
2017-06-20,1043.2727336693376,5
2017-06-21,1039.690283923248,5
2017-06-22,965.1521711891098,5
2017-06-23,1187.6610756722005,5
2017-06-24,1722.3800103611256,5
2017-06-25,1304.5245811026152,5
2017-06-26,965.2508349895154,5
2017-06-27,948.8721590936784,5
2017-06-28,975.0245626730718,5
2017-06-29,1025.019787489408,5
2017-06-30,923.3690894680606,5
2017-07-01,1125.1574725859377,5
2017-07-02,1160.5801780768,5
2017-07-03,1034.7719328837375,5
2017-07-05,1143.6959049477725,5
2017-07-06,1156.151100094264,5
2017-07-07,1154.585965352233,5
2017-07-08,1397.2066600715398,5
2017-07-09,1418.3253108389079,5
2017-07-10,1126.3660703403186,5
2017-07-11,1008.8174162188894,5
2017-07-12,1029.5279348192746,5
2017-07-13,1161.6946489605416,5
2017-07-14,1222.5888893464876,5
2017-07-15,1434.6925997403255,5
2017-07-16,1371.6639378169616,5
2017-07-17,1238.1579780817685,5
2017-07-18,1213.6842292116744,5
2017-07-19,1221.7402322265868,5
2017-07-20,1282.4343759095916,5
2017-07-21,1224.0672474466066,5
2017-07-22,1514.9062987490715,5
2017-07-23,1334.6856030203626,5
2017-07-24,1455.901469344551,5
2017-07-25,1271.0498855869027,5
2017-07-26,1337.9126979313733,5
2017-07-27,1472.5954958550828,5
2017-07-28,1374.0926249713389,5
2017-07-29,1454.881214661812,5
2017-07-30,1438.1187016849794,5
2017-07-31,1315.1603170386495,5
2017-08-01,1432.5513185350717,5
2017-08-02,1521.9210546623522,5
2017-08-03,1272.634239385608,5
2017-08-04,1415.948297645542,5
2017-08-05,1554.1143186053969,5
2017-08-06,1348.8820113446072,5
2017-08-07,1338.2331875353111,5
2017-08-08,1344.611110980731,5
2017-08-09,1288.13872298231,5
2017-08-10,1240.3956117712096,5
2017-08-11,1483.1141725782581,5
2017-08-12,1602.5270850482632,5
2017-08-13,1516.6948842405934,5
2017-08-14,1275.7050893798023,5
2017-08-15,1254.702252790265,5
2017-08-16,1182.099137635264,5
2017-08-17,1239.9129600490091,5
2017-08-18,1201.1213908803838,5
2017-08-19,1441.9486305079436,5
2017-08-20,1602.5845703338732,5
2017-08-21,1311.645253816404,5
2017-08-22,1184.089645277573,5
2017-08-23,1195.7249882474289,5
2017-08-24,1139.6020649509985,5
2017-08-25,1107.9989572008433,5
2017-08-26,1417.1354740267707,5
2017-08-27,1235.7433685556769,5
2017-08-28,1011.2539391930791,5
2017-08-29,1104.9714488365003,5
2017-08-30,957.177661806545,5
2017-08-31,920.608495085758,5
2017-09-01,1029.1413824988683,5
2017-09-02,1302.894714870903,5
2017-09-03,1209.44292414981,5
2017-09-04,920.8215132932108,5
2017-09-05,1027.7022884859953,5
2017-09-06,804.9787193519182,5
2017-09-07,1042.6061377411988,5
2017-09-08,1041.5768353597919,5
2017-09-09,1083.933307765587,5
2017-09-10,1192.2239188233011,5
2017-09-11,978.7750264999818,5
2017-09-12,914.3334080382525,5
2017-09-13,912.4558891381386,5
2017-09-14,964.0353311384383,5
2017-09-15,1103.4039931550199,5
2017-09-16,1378.270347657533,5
2017-09-17,1273.2436773190716,5
2017-09-18,948.840862670249,5
2017-09-19,1005.1992981458317,5
2017-09-20,912.2940669458177,5
2017-09-21,910.938087398159,5
2017-09-22,1076.218814208072,5
2017-09-23,1273.495765373668,5
2017-09-24,1143.446264585685,5
2017-09-25,906.0428368217747,5
2017-09-26,952.1066636839173,5
2017-09-27,960.2705786104859,5
2017-09-28,863.0886155476994,5
2017-09-29,775.4612062779138,5
2017-09-30,1188.017107100887,5
2017-10-01,1146.3547926973445,5
2017-10-02,1186.398348557093,5
2017-10-03,1100.3353552207407,5
2017-10-04,945.6052117594539,5
2017-10-05,854.4477517802544,5
2017-10-06,1021.2358905429489,5
2017-10-07,1064.214192406966,5
2017-10-08,1112.91328211313,5
2017-10-09,1018.5776826529756,5
2017-10-10,946.436921021701,5
2017-10-11,870.5663280149198,5
2017-10-12,980.706501287272,5
2017-10-13,885.2341717300253,5
2017-10-14,1112.769515195005,5
2017-10-15,1014.3654802459774,5
2017-10-16,866.61704581602,5
2017-10-17,866.0328429691397,5
2017-10-18,799.5842618220046,5
2017-10-19,857.4999372261035,5
2017-10-20,887.044610447983,5
2017-10-21,1101.538201449261,5
2017-10-22,1118.598656799319,5
2017-10-24,892.1486353830314,5
2017-10-25,810.646386201123,5
2017-10-26,872.770838278271,5
2017-10-27,1053.3284461128444,5
2017-10-28,1117.1211768485305,5
2017-10-29,1173.2834343948598,5
2017-10-30,1382.8590408754474,6
2017-11-01,991.4173755082035,6
2017-11-02,871.5342496702941,6
2017-11-03,940.5136632703095,6
2017-11-04,1051.9692638244383,6
2017-11-05,1108.2538185965018,6
2017-11-06,772.8438979624523,6
2017-11-07,748.5652090435011,6
2017-11-08,639.9877242955004,6
2017-11-09,742.9984012856262,6
2017-11-10,767.8217913512079,6
2017-11-11,835.6583006436224,6
2017-11-12,1077.6721447319178,6
2017-11-13,809.6359710443478,6
2017-11-14,668.9269175067728,6
2017-11-15,713.0166338293529,6
2017-11-16,738.4464669516685,6
2017-11-17,784.1878759522352,6
2017-11-18,777.8468813265031,6
2017-11-19,1191.5695972670276,6
2017-11-20,736.929253756497,6
2017-11-21,687.0796557640178,6
2017-11-22,692.7017661609464,6
2017-11-23,650.7334448804468,6
2017-11-24,767.9894263705797,6
2017-11-25,814.607666810774,6
2017-11-26,1054.3729549240784,6
2017-11-27,780.1699739513317,6
2017-11-28,658.8779944230608,6
2017-11-29,750.9732149181725,6
2017-11-30,901.5750664979926,6
2017-12-01,857.7149781125738,6
2017-12-02,889.5816060374749,6
2017-12-03,1101.1013341523221,6
2017-12-04,819.1752951958429,6
2017-12-05,764.0470463519828,6
2017-12-06,709.8073002128219,6
2017-12-07,771.286582286384,6
2017-12-08,753.3500176056158,6
2017-12-09,987.5734414315185,6
2017-12-10,1012.0015599787356,6
2017-12-11,627.6696295955321,6
2017-12-12,752.5356792980648,6
2017-12-13,615.5275115251592,6
2017-12-14,853.1846576310384,6
2017-12-15,749.4396002048253,6
2017-12-16,1050.0722427728401,6
2017-12-17,1089.2579895623567,6
2017-12-18,757.3834556576841,6
2017-12-19,677.8458501139582,6
2017-12-20,753.9484172830337,6
2017-12-21,801.0426350805537,6
2017-12-22,782.8908629946344,6
2017-12-23,975.13747411936,6
2017-12-24,1271.2172798592294,6
2017-12-27,961.9557897762425,6
2017-12-28,959.1070688504027,5
2017-12-29,1101.932465436656,5
2017-12-30,1356.77590354322,5
2017-12-31,2377.7974502728175,5
2018-01-02,1045.6990688639626,5
2018-01-03,833.1172465246154,5
2018-01-04,849.086681286169,5
2018-01-05,718.118309193573,5
2018-01-06,837.8253505356325,5
2018-01-07,1113.5481874754953,5
2018-01-08,790.001004971421,5
2018-01-09,640.1658325393882,5
2018-01-10,625.8734930038985,5
2018-01-11,654.1971008972093,5
2018-01-12,709.5130243140312,5
2018-01-13,888.423191063682,5
2018-01-14,1072.1040812792735,5
2018-01-15,713.0658147025655,5
2018-01-16,645.3732934514848,5
2018-01-17,665.7414231496939,5
2018-01-18,704.9384712765249,5
2018-01-19,729.0271134896242,5
2018-01-20,891.2779786113913,5
2018-01-21,1132.349037535013,5
2018-01-22,716.8492048564841,5
2018-01-23,680.370456954025,5
2018-01-24,671.7758613357469,5
2018-01-25,682.8309835636724,5
2018-01-26,764.3714023106608,5
2018-01-27,837.662169262717,5
2018-01-28,1178.3252859013928,5
2018-01-29,634.8839769558158,5
2018-01-30,747.5891021144856,5
2018-01-31,665.6375529879576,5
2018-02-01,721.137694974936,5
2018-02-02,763.4263971986235,5
2018-02-03,859.3785440897628,5
2018-02-04,1009.2362146541702,5
2018-02-05,807.8413521506644,5
2018-02-06,829.5025324995622,5
2018-02-07,728.0531726199549,5
2018-02-08,914.6369483654164,5
2018-02-09,855.6414595146377,5
2018-02-10,1073.805748487363,5
2018-02-11,1022.8270623367575,5
2018-02-12,749.155258554363,5
2018-02-13,820.279496600615,5
2018-02-14,856.2510252009449,5
2018-02-15,674.1594610352054,5
2018-02-16,909.8885579211134,5
2018-02-17,932.652909266655,5
2018-02-18,1154.6365425676277,5
2018-02-19,845.1858669361179,5
2018-02-20,697.3093705351273,5
2018-02-21,694.8009532053104,5
2018-02-22,717.7730989975714,5
2018-02-23,752.6762171114622,5
2018-02-24,918.1934019027694,5
2018-02-25,977.0424137776621,5
2018-02-26,654.1531051798438,5
2018-02-27,626.4478094181859,5
2018-02-28,728.9656013425586,5
2018-03-01,727.1540204062208,5
2018-03-02,744.4482456382731,5
2018-03-03,894.0983817260857,5
2018-03-04,963.3905333398166,5
2018-03-05,742.1685605968066,5
2018-03-06,780.2761962392507,5
2018-03-07,621.2264310972411,5
2018-03-08,711.2869934967348,5
2018-03-09,752.943378401351,5
2018-03-10,939.5389165802269,5
2018-03-11,1106.4764529144315,5
2018-03-12,819.7496031109122,5
2018-03-13,742.9990279313579,5
2018-03-14,850.0004574805761,5
2018-03-15,928.1096729022079,5
2018-03-16,871.6515460824428,5
2018-03-17,984.4375416688933,5
2018-03-18,1225.304565604739,5
2018-03-19,841.4836893656077,5
2018-03-20,841.092514084041,5
2018-03-21,832.5391003331231,5
2018-03-22,810.3396912012847,5
2018-03-23,786.0379432409297,5
2018-03-24,976.5864232943679,5
2018-03-25,1064.3472465707403,5
2018-03-26,845.4110358342793,5
2018-03-27,1006.5461642940561,5
2018-03-28,978.0545330829852,5
2018-03-29,1453.2116825243697,5
2018-03-31,1651.9872201953788,5
2018-04-01,1191.8916311985204,5
2018-04-02,1070.465348953772,5
2018-04-03,874.728966955033,5
2018-04-04,871.4582050126803,5
2018-04-05,876.9374649236886,5
2018-04-06,844.9340533535998,5
2018-04-07,978.8630698917447,5
2018-04-08,1027.5027703292951,5
2018-04-09,708.2498823764583,5
2018-04-10,738.2321344869969,5
2018-04-11,668.6344400719158,5
2018-04-12,813.9955704858089,5
2018-04-13,781.4207974535261,5
2018-04-14,1088.131096890023,5
2018-04-15,977.7789616405105,5
2018-04-16,769.4725350006909,5
2018-04-17,724.5052216583115,5
2018-04-18,683.6634371087243,5
2018-04-19,691.2472699208048,5
2018-04-20,721.4570285322865,5
2018-04-21,1115.1386358713144,5
2018-04-22,1028.8180973464696,5
2018-04-23,689.710079744325,5
2018-04-24,647.0005392577752,5
2018-04-25,719.0268941707535,5
2018-04-26,825.8635144263229,5
2018-04-27,723.1978318692599,5
2018-04-28,990.0085459245278,5
2018-04-29,1241.06818741299,5
2018-04-30,1135.5926524185038,5
2018-05-02,811.1320171389326,5
2018-05-03,803.7655819676655,5
2018-05-04,850.4575358537554,5
2018-05-05,992.630496419218,5
2018-05-06,958.8728534277508,5
2018-05-07,873.6372993157916,5
2018-05-08,971.476425375492,5
2018-05-09,998.797693832609,5
2018-05-10,1165.4401148550392,5
2018-05-11,1308.1993499383716,5
2018-05-12,1413.9033635689957,5
2018-05-13,1311.5328679501622,5
2018-05-14,818.3576932892465,5
2018-05-15,838.8121161171205,5
2018-05-16,719.7395074885812,5
2018-05-17,891.3225425651211,5
2018-05-18,864.5228366199003,5
2018-05-19,1292.8524335826119,5
2018-05-20,1421.2149568414789,5
2018-05-22,1104.510544786121,5
2018-05-23,992.1868617473581,5
2018-05-24,1071.89623542156,5
2018-05-25,1120.9891631535297,5
2018-05-26,1381.967220111642,5
2018-05-27,1346.2178268877165,5
2018-05-28,934.9418458112016,5
2018-05-29,950.3076391269008,5
2018-05-30,904.142937052945,5
2018-05-31,943.6186006569718,5
2018-06-01,1130.6634126491788,5
2018-06-02,1328.3672009068446,5
2018-06-03,1129.6239070459656,5
2018-06-04,962.8360061726663,5
2018-06-05,947.7880743024198,5
2018-06-06,991.5694898664534,5
2018-06-07,963.2766862954363,5
2018-06-08,906.4251071248308,5
2018-06-09,1394.532337767483,5
2018-06-10,1211.0156727557612,5
2018-06-11,914.1723303232947,5
2018-06-12,955.124597412156,5
2018-06-13,941.4654682626901,5
2018-06-14,905.8335857827543,5
2018-06-15,1005.4344935921388,5
2018-06-16,1240.753826449389,5
2018-06-17,1452.10844339969,5
2018-06-18,1209.6594910522153,5
2018-06-19,1061.1438054722082,5
2018-06-20,1203.0870215430475,5
2018-06-21,1079.7241245458802,5
2018-06-22,1234.558288888631,5
2018-06-23,1987.066569043885,5
2018-06-24,1333.8215612830722,5
2018-06-25,954.9182116552818,5
2018-06-26,1136.0077408316465,5
2018-06-27,946.59256846277,5
2018-06-28,1006.0560924192635,5
2018-06-29,1037.5025541876514,5
2018-06-30,1379.473775411497,5
2018-07-01,1328.3142700536505,5
2018-07-02,1132.3466177770324,5
2018-07-03,1221.2326182752513,5
2018-07-04,1129.6044954036017,5
2018-07-05,1195.2020873586875,5
2018-07-06,1205.74776541601,5
2018-07-07,1423.7798150153176,5
2018-07-08,1330.9612925113458,5
2018-07-09,1430.0613906549966,5
2018-07-10,1246.1536752679415,5
2018-07-11,1371.2267125237877,5
2018-07-12,1365.005337109852,5
2018-07-13,1403.0294487046795,5
2018-07-14,1588.223897790476,5
2018-07-15,1471.897780331854,5
2018-07-16,1382.2360733612877,5
2018-07-17,1512.8855855801598,5
2018-07-18,1503.6846811850774,5
2018-07-19,1594.9766580619698,5
2018-07-20,1375.0705347670528,5
2018-07-21,1661.5298534199515,5
2018-07-22,1627.2384977247466,5
2018-07-23,1506.5971650547265,5
2018-07-24,1361.5929189462536,5
2018-07-25,1426.9715637941674,5
2018-07-26,1566.7087293164775,5
2018-07-27,1572.8470526039152,5
2018-07-28,1646.938416976181,5
2018-07-29,1750.2215449884459,5
2018-07-30,1510.4585732063945,5
2018-07-31,1313.474070818601,5
